Totalt_antal_fall,Kumulativa_fall,Blekinge,Dalarna,Gotland,Gävleborg,Halland,Jämtland,Jönköping,Kalmar,Kronoberg,Norrbotten,Skåne,Stockholm,Södermanland,Uppsala,Värmland,Västerbotten,Västernorrland,Västmanland,Västra_Götaland,Örebro,Östergötland,Antal_avlidna,Kumulativa_avlidna,Antal_intensivvardade,Kumulativa_intensivvardade,Statistikdatum
5073,266158,84,71,34,199,206,33,163,86,2,45,823,1621,179,176,66,157,117,326,448,147,90,3,6949,13,3325,01/12/2020
3491,261085,2,89,72,30,480,14,20,85,10,141,765,1054,6,102,27,13,72,108,275,60,66,10,6946,16,3312,30/11/2020
2752,257594,53,100,61,178,2,52,138,88,82,11,355,745,2,51,91,32,140,149,333,59,30,18,6936,23,3296,29/11/2020
3825,254842,62,98,11,68,7,39,112,95,37,72,377,1185,69,209,31,156,151,119,706,115,106,18,6918,20,3273,28/11/2020
6464,251017,15,89,26,237,157,51,131,124,160,110,1374,2190,105,238,78,144,141,154,704,139,97,26,6900,13,3253,27/11/2020
6906,244553,70,130,13,250,80,69,249,90,28,229,684,2499,104,272,76,159,277,262,1133,120,112,33,6874,28,3240,26/11/2020
6062,237647,48,166,92,194,221,82,141,138,186,155,978,2038,149,258,109,130,82,202,481,122,90,34,6841,24,3212,25/11/2020
5676,231585,66,103,17,232,137,24,263,70,73,114,967,1481,131,220,55,258,166,241,724,232,102,43,6807,28,3188,24/11/2020
3875,225909,51,111,12,52,171,39,26,53,59,213,959,989,51,146,26,18,248,212,280,102,57,47,6764,24,3160,23/11/2020
2422,222034,6,33,44,11,16,28,52,36,83,65,374,730,2,82,111,18,1,100,369,208,53,54,6717,30,3136,22/11/2020
4494,219612,45,104,24,185,39,66,200,48,0,146,381,1681,102,198,15,129,117,127,703,107,77,44,6663,20,3106,21/11/2020
5464,215118,9,79,13,195,116,79,169,89,112,123,500,1875,136,264,84,127,205,300,709,185,95,43,6619,15,3086,20/11/2020
7623,209654,111,206,26,398,163,145,300,88,142,130,1167,1844,131,401,82,164,278,267,1263,233,84,42,6576,22,3071,19/11/2020
4961,202031,61,88,20,60,130,17,206,58,139,92,628,1437,211,143,76,127,140,200,915,113,100,49,6534,20,3049,18/11/2020
4460,197070,5,74,29,158,52,84,336,88,31,138,648,1314,143,263,51,191,19,113,365,254,104,39,6485,24,3029,17/11/2020
2547,192610,14,49,17,10,25,27,35,41,47,42,634,645,73,78,45,8,159,156,260,120,62,36,6446,22,3005,16/11/2020
1582,190063,23,80,31,82,6,6,13,35,39,13,148,416,72,87,27,5,1,97,311,28,62,39,6410,18,2983,15/11/2020
3514,188481,46,109,45,65,12,70,135,24,151,69,87,1365,61,198,56,146,82,125,372,181,115,36,6371,20,2965,14/11/2020
6732,184967,37,85,35,163,293,8,233,96,153,110,1039,2247,147,239,80,97,125,316,939,222,68,32,6335,30,2945,13/11/2020
5565,178235,47,182,31,134,244,67,284,77,159,133,612,1695,120,268,99,118,126,76,770,247,76,27,6303,13,2915,12/11/2020
5709,172670,46,93,16,196,42,58,248,66,176,97,592,1965,172,232,87,158,44,209,835,263,114,27,6276,18,2902,11/11/2020
4498,166961,17,117,36,117,45,34,298,84,21,64,671,1254,116,168,29,157,122,180,600,196,172,35,6249,9,2884,10/11/2020
3726,162463,8,27,40,8,345,35,70,80,24,103,1425,548,31,165,41,7,89,83,361,84,152,34,6214,12,2875,09/11/2020
2097,158737,27,71,44,56,9,2,11,32,95,6,123,380,5,135,35,113,29,81,534,147,162,22,6180,16,2863,08/11/2020
4452,156640,27,94,7,63,21,14,257,34,161,127,193,1974,102,51,45,89,57,170,570,185,211,26,6158,16,2847,07/11/2020
4454,152188,30,130,49,72,89,50,150,54,80,118,403,1126,148,166,62,97,90,199,983,212,146,25,6132,17,2831,06/11/2020
4745,147734,33,112,43,101,112,22,190,66,222,90,450,1607,103,284,63,150,62,35,599,246,155,22,6107,12,2814,05/11/2020
4484,142989,36,70,9,64,64,13,201,85,84,93,562,1528,119,202,73,101,78,140,608,152,202,21,6085,13,2802,04/11/2020
3609,138505,6,123,4,123,147,17,248,43,46,30,490,841,138,108,45,82,16,173,636,122,171,19,6064,14,2789,03/11/2020
1570,134896,2,21,30,5,116,20,21,4,18,74,502,240,1,70,36,3,0,32,137,161,77,20,6045,20,2775,02/11/2020
1297,133326,22,44,18,6,6,2,30,11,21,3,55,275,4,27,26,16,16,16,416,153,130,22,6025,9,2755,01/11/2020
2987,132029,16,62,25,58,23,0,164,39,69,8,31,1537,70,230,17,52,35,71,203,122,155,13,6003,7,2746,31/10/2020
4055,129042,41,73,15,37,147,12,281,43,86,55,585,1143,85,242,53,59,16,63,596,221,202,9,5990,10,2739,30/10/2020
3263,124987,18,106,1,53,83,13,51,37,124,104,483,1007,57,126,52,41,6,92,526,131,152,9,5981,6,2729,29/10/2020
3390,121724,11,74,8,29,34,10,159,31,84,28,509,1202,78,113,35,46,17,84,610,125,103,9,5972,12,2723,28/10/2020
2415,118334,25,75,1,55,99,2,200,6,78,23,338,412,68,63,15,35,39,123,458,116,184,9,5963,10,2711,27/10/2020
1068,115919,8,10,0,2,75,14,7,20,4,5,233,174,32,82,4,0,0,19,173,132,74,11,5954,5,2701,26/10/2020
514,114851,1,3,8,0,2,0,7,12,2,4,29,79,1,33,23,6,5,0,179,84,36,8,5943,7,2696,25/10/2020
1477,114337,26,37,9,23,5,2,60,13,105,6,23,713,23,45,16,10,9,31,100,130,91,8,5935,4,2689,24/10/2020
1868,112860,8,49,7,26,53,7,54,19,60,27,268,578,47,66,18,26,12,40,322,93,88,7,5927,7,2685,23/10/2020
1666,110992,11,47,2,22,33,12,42,11,39,32,283,521,10,42,20,12,7,43,294,100,83,9,5920,9,2678,22/10/2020
1570,109326,14,22,4,10,35,12,39,19,45,30,309,542,21,50,23,11,9,25,174,71,105,3,5911,4,2669,21/10/2020
1290,107756,5,52,3,21,35,12,62,18,53,11,92,398,34,65,13,6,13,34,217,87,59,4,5908,2,2665,20/10/2020
771,106466,0,3,0,1,32,15,7,10,8,15,315,127,0,48,3,0,1,7,85,44,50,4,5904,4,2663,19/10/2020
321,105695,0,1,0,1,5,0,54,3,2,5,11,63,0,56,4,3,0,0,41,34,38,1,5900,5,2659,18/10/2020
697,105374,9,32,1,9,1,6,7,8,33,20,13,270,21,30,22,6,7,10,76,64,52,4,5899,1,2654,17/10/2020
1179,104677,5,27,6,15,29,10,52,8,18,21,166,341,16,90,12,20,11,19,206,55,52,2,5895,2,2653,16/10/2020
902,103498,8,24,0,12,6,27,44,5,25,29,115,281,26,64,13,5,7,30,91,41,49,3,5893,1,2651,15/10/2020
968,102596,1,37,0,6,44,8,45,8,19,5,132,319,15,30,21,12,2,16,153,53,42,2,5890,4,2650,14/10/2020
916,101628,7,10,2,18,16,18,72,4,22,9,76,293,21,61,4,4,12,36,101,45,85,1,5888,3,2646,13/10/2020
636,100712,1,30,5,0,36,37,0,1,2,3,121,90,0,172,4,0,2,9,38,39,46,3,5887,3,2643,12/10/2020
161,100076,1,0,0,0,4,2,6,2,0,1,1,72,0,8,2,4,0,0,13,36,9,2,5884,1,2640,11/10/2020
509,99915,15,15,5,14,2,3,33,5,12,4,9,192,16,8,9,8,11,28,66,38,16,5,5882,5,2639,10/10/2020
783,99406,3,13,4,17,22,42,49,4,8,38,62,292,7,8,6,14,2,24,101,33,34,5,5877,3,2634,09/10/2020
834,98623,23,16,2,3,26,20,41,0,14,12,86,309,17,51,4,14,8,5,90,61,32,1,5872,3,2631,08/10/2020
831,97789,3,32,1,18,30,12,39,7,22,19,74,270,4,67,9,17,12,21,137,28,9,3,5871,3,2628,07/10/2020
786,96958,14,7,2,26,40,31,26,3,12,9,31,297,10,104,3,1,3,23,96,37,11,4,5868,2,2625,06/10/2020
374,96172,2,1,1,0,31,14,4,0,1,13,102,70,0,39,1,0,2,15,34,25,19,2,5864,5,2623,05/10/2020
156,95798,4,11,2,0,1,1,1,0,0,0,2,44,0,11,7,5,3,0,21,23,20,3,5862,1,2618,04/10/2020
461,95642,17,14,1,20,2,0,21,3,10,3,1,182,12,54,13,12,1,10,37,28,20,3,5859,3,2617,03/10/2020
712,95181,7,24,3,12,18,19,27,1,4,21,77,235,3,62,4,12,13,23,85,35,27,3,5856,0,2614,02/10/2020
633,94469,10,21,3,16,30,3,12,3,23,9,81,228,7,36,9,1,4,22,84,19,12,1,5853,3,2614,01/10/2020
689,93836,15,23,7,7,32,8,24,2,16,9,95,221,5,23,16,22,2,26,84,26,26,4,5852,4,2611,30/09/2020
613,93147,17,4,0,18,22,10,27,4,23,13,44,261,10,34,1,2,5,25,48,18,27,2,5848,0,2607,29/09/2020
378,92534,2,4,0,2,51,15,2,1,0,19,113,81,1,6,0,0,2,17,43,9,10,1,5846,3,2607,28/09/2020
167,92156,9,6,1,0,1,1,8,0,1,0,1,35,0,17,2,19,0,0,47,10,9,1,5845,0,2604,27/09/2020
325,91989,1,11,0,15,2,0,10,3,17,0,1,155,7,10,7,1,6,35,21,8,15,2,5844,0,2604,26/09/2020
630,91664,20,17,2,21,16,2,12,3,26,11,63,185,2,19,2,11,7,83,95,10,23,4,5842,1,2604,25/09/2020
540,91034,4,13,0,12,33,16,12,1,19,7,43,159,3,23,7,35,4,9,121,6,13,1,5838,2,2603,24/09/2020
553,90494,16,15,0,12,20,2,23,0,18,1,40,181,7,14,3,0,5,34,147,7,8,0,5837,3,2601,23/09/2020
438,89941,12,20,0,7,3,5,30,2,28,7,39,141,14,22,0,28,2,24,40,9,5,1,5837,2,2598,22/09/2020
266,89503,15,6,0,6,32,1,1,2,3,2,73,67,6,0,0,2,1,14,18,9,8,2,5836,0,2596,21/09/2020
133,89237,1,26,0,3,0,0,0,1,8,1,2,14,7,3,0,10,4,2,33,11,7,4,5834,0,2596,20/09/2020
279,89104,3,18,1,3,1,8,14,0,15,4,5,95,3,14,6,12,3,10,50,9,5,1,5830,2,2596,19/09/2020
437,88825,0,33,2,7,36,6,24,1,15,1,68,124,2,9,6,1,1,9,66,19,7,1,5829,1,2594,18/09/2020
389,88388,4,18,0,5,11,2,18,2,7,3,51,135,6,19,4,10,5,8,60,9,12,1,5828,0,2593,17/09/2020
330,87999,1,24,1,2,15,1,27,3,11,1,38,94,0,12,10,4,1,4,54,19,8,2,5827,1,2593,16/09/2020
292,87669,4,27,0,13,8,1,22,4,20,2,41,52,2,9,0,5,1,5,47,16,13,1,5825,2,2592,15/09/2020
220,87377,1,18,1,4,13,0,0,0,12,3,86,23,3,3,1,0,3,18,27,2,2,2,5824,1,2590,14/09/2020
106,87157,0,8,0,8,5,0,1,1,2,1,2,18,1,2,2,0,5,8,28,9,5,2,5822,1,2589,13/09/2020
206,87051,0,16,0,7,1,0,28,0,5,0,0,78,2,15,1,8,0,3,20,15,7,1,5820,4,2588,12/09/2020
291,86845,0,9,0,0,14,1,30,2,10,3,44,65,3,22,2,6,2,3,56,8,11,4,5819,2,2584,11/09/2020
254,86554,0,15,2,3,9,0,13,1,11,0,45,50,2,5,2,0,3,7,65,9,12,2,5815,0,2582,10/09/2020
314,86300,1,16,1,8,18,5,37,1,14,0,48,44,2,12,3,1,4,5,66,15,13,2,5813,1,2582,09/09/2020
236,85986,3,11,0,7,16,2,20,2,13,3,17,39,6,14,9,5,1,11,31,10,16,1,5811,0,2581,08/09/2020
185,85750,0,4,0,9,16,1,3,1,5,0,62,11,0,5,1,3,1,13,34,9,7,1,5810,0,2581,07/09/2020
67,85565,1,3,0,0,2,0,1,0,0,0,1,11,0,0,5,0,0,0,35,3,5,3,5809,0,2581,06/09/2020
171,85498,0,5,0,3,3,5,17,2,8,0,6,42,1,5,8,1,1,5,39,9,11,0,5806,1,2581,05/09/2020
262,85327,1,6,1,2,8,0,23,2,6,1,43,53,0,4,4,1,2,7,75,14,9,0,5806,0,2580,04/09/2020
286,85065,0,10,0,7,27,15,13,2,8,0,34,58,1,11,1,4,3,9,56,16,11,2,5806,3,2580,03/09/2020
213,84779,0,13,0,9,6,0,14,2,8,2,41,38,0,5,3,0,0,1,53,14,4,2,5804,3,2577,02/09/2020
171,84566,1,13,0,2,19,1,9,0,7,2,7,31,0,7,5,1,0,6,27,30,3,3,5802,1,2574,01/09/2020
162,84395,0,6,0,1,28,1,1,1,1,0,66,20,0,2,1,0,0,4,11,0,19,2,5799,0,2573,31/08/2020
48,84233,0,4,0,3,4,1,0,0,0,0,3,14,0,0,0,0,1,0,18,0,0,3,5797,1,2573,30/08/2020
131,84185,2,11,0,1,4,7,6,8,4,0,4,26,2,6,2,2,0,1,45,0,0,1,5794,0,2572,29/08/2020
179,84054,6,7,0,4,1,1,11,3,13,1,40,39,4,7,0,3,2,2,31,0,4,1,5793,0,2572,28/08/2020
202,83875,1,11,3,1,10,1,5,1,4,6,49,35,1,6,1,1,1,5,54,3,3,1,5792,1,2572,27/08/2020
244,83673,4,8,0,16,16,2,5,8,7,0,53,47,3,6,7,2,5,5,40,2,8,2,5791,1,2571,26/08/2020
222,83429,2,10,0,3,20,0,5,2,15,1,48,48,0,10,1,5,1,6,32,5,8,1,5789,1,2570,25/08/2020
174,83207,0,5,0,0,21,0,0,2,0,2,90,30,0,0,1,0,0,2,13,3,5,1,5788,3,2569,24/08/2020
57,83033,0,4,1,1,3,0,2,2,2,0,2,1,0,1,0,0,0,0,22,0,16,3,5787,1,2566,23/08/2020
160,82976,2,4,0,8,2,0,7,5,7,0,5,49,1,22,8,0,2,3,27,0,8,1,5784,1,2565,22/08/2020
298,82816,3,9,2,5,29,0,8,9,3,1,63,59,0,7,5,4,7,6,67,3,8,5,5783,0,2564,21/08/2020
333,82518,3,5,1,8,10,2,14,8,14,0,55,65,2,5,6,2,2,4,112,4,11,2,5778,1,2564,20/08/2020
351,82185,11,7,1,4,4,0,11,2,10,1,53,73,1,15,5,0,14,14,105,12,8,1,5776,2,2563,19/08/2020
314,81834,2,8,2,3,39,0,18,12,7,4,46,71,4,10,2,8,1,6,58,5,8,4,5775,2,2561,18/08/2020
174,81520,1,5,1,5,12,0,2,3,3,1,75,35,1,4,1,0,1,3,6,8,7,3,5771,1,2559,17/08/2020
63,81346,1,1,0,0,1,2,1,2,3,0,3,5,0,0,1,0,0,0,32,1,10,0,5768,1,2558,16/08/2020
226,81283,4,2,6,3,1,3,15,2,5,3,11,55,4,9,11,3,4,5,57,4,19,1,5768,2,2557,15/08/2020
344,81057,4,8,4,10,12,6,9,3,16,5,40,81,1,7,5,13,0,8,86,8,18,1,5767,0,2555,14/08/2020
363,80713,9,10,4,8,12,0,11,7,10,3,46,55,1,12,11,10,8,4,128,5,9,5,5766,4,2555,13/08/2020
443,80350,10,6,3,9,11,2,13,9,24,4,68,81,4,13,13,5,6,6,140,10,6,3,5761,2,2551,12/08/2020
417,79907,11,5,3,14,33,1,19,1,21,5,34,102,6,6,3,11,2,8,108,14,10,4,5758,3,2549,11/08/2020
196,79490,7,4,2,0,21,4,0,2,11,4,46,37,0,4,2,0,1,10,29,3,9,2,5754,1,2546,10/08/2020
73,79294,1,6,10,0,2,0,6,2,1,0,1,24,0,0,2,0,0,0,6,0,12,4,5752,2,2545,09/08/2020
260,79221,4,6,0,19,2,0,9,2,10,0,7,51,4,1,13,0,9,2,102,8,11,1,5748,5,2543,08/08/2020
380,78961,9,4,5,1,25,0,15,4,17,8,46,49,3,19,13,4,4,5,134,7,8,2,5747,2,2538,07/08/2020
378,78581,7,9,2,9,19,4,12,1,20,3,26,67,3,5,12,1,7,7,138,15,11,4,5745,2,2536,06/08/2020
425,78203,2,15,12,2,30,2,16,3,5,2,54,59,0,8,15,0,11,4,163,7,15,1,5741,3,2534,05/08/2020
333,77778,9,8,5,4,7,1,21,0,7,7,10,92,2,14,0,3,7,14,108,8,6,2,5740,1,2531,04/08/2020
165,77445,1,0,0,0,14,12,2,2,2,4,40,22,0,5,2,0,2,7,19,6,25,4,5738,1,2530,03/08/2020
38,77280,0,1,1,0,1,0,3,0,2,1,4,6,0,2,1,0,0,0,10,0,6,3,5734,4,2529,02/08/2020
303,77242,1,4,0,5,1,0,9,1,2,0,1,64,2,0,5,11,2,6,177,3,9,2,5731,3,2525,01/08/2020
258,76939,2,11,1,4,14,0,10,4,8,3,38,43,0,13,2,1,8,9,66,17,4,2,5729,1,2522,31/07/2020
302,76681,2,4,11,3,16,4,14,4,4,4,32,49,2,8,3,2,13,4,108,7,8,0,5727,0,2521,30/07/2020
301,76379,1,3,8,5,15,1,11,5,8,6,44,46,1,10,3,0,3,12,111,0,8,1,5727,2,2521,29/07/2020
283,76078,4,3,0,4,6,5,15,1,4,10,8,78,3,6,0,4,11,5,101,10,5,4,5726,0,2519,28/07/2020
71,75795,1,1,0,1,7,0,1,1,0,1,28,9,1,1,0,0,0,3,10,3,3,6,5722,1,2519,27/07/2020
42,75724,0,0,5,0,1,1,0,0,0,0,1,21,0,2,1,0,0,0,8,0,2,2,5716,1,2518,26/07/2020
138,75682,1,2,2,7,1,3,6,2,1,5,2,21,0,2,6,1,5,5,56,4,6,1,5714,0,2517,25/07/2020
262,75544,1,8,4,9,5,6,9,2,2,8,24,60,4,2,2,3,15,5,84,4,5,3,5713,1,2517,24/07/2020
220,75282,0,4,2,23,4,2,6,0,8,6,19,56,0,4,1,1,14,4,58,7,1,5,5710,1,2516,23/07/2020
297,75062,1,4,7,11,5,0,18,2,6,5,34,69,14,7,3,1,9,10,86,3,2,6,5705,1,2515,22/07/2020
226,74765,0,11,4,13,7,3,19,6,2,7,26,78,0,5,1,2,2,4,30,2,4,7,5699,5,2514,21/07/2020
131,74539,0,1,0,1,8,4,2,5,0,8,35,23,0,0,1,0,14,7,14,2,6,6,5692,3,2509,20/07/2020
110,74408,0,5,1,6,1,2,9,1,1,0,2,18,3,0,1,1,17,4,35,0,3,7,5686,2,2506,19/07/2020
191,74298,1,9,5,15,0,0,15,1,7,0,5,30,11,2,0,5,4,0,69,3,9,11,5679,0,2504,18/07/2020
284,74107,0,5,4,10,12,3,16,2,8,10,36,78,3,8,2,8,12,3,56,2,6,7,5668,3,2504,17/07/2020
268,73823,2,9,7,10,5,7,9,5,1,11,30,86,4,16,2,4,6,7,35,5,7,6,5661,4,2501,16/07/2020
287,73555,1,1,0,20,8,2,31,3,4,8,35,64,0,13,1,1,9,8,58,9,11,6,5655,0,2497,15/07/2020
312,73268,2,11,1,8,5,3,22,1,5,13,15,88,23,19,1,5,21,15,44,2,8,8,5649,2,2497,14/07/2020
170,72956,2,12,1,21,4,4,3,1,1,3,31,31,1,2,2,0,1,13,23,7,7,12,5641,3,2495,13/07/2020
106,72786,0,0,2,6,1,0,3,1,1,0,1,28,0,1,0,0,19,16,20,2,5,8,5629,3,2492,12/07/2020
308,72680,1,5,1,86,3,2,24,2,4,4,3,73,5,9,0,3,9,0,63,3,8,10,5621,2,2489,11/07/2020
369,72372,0,6,1,33,14,6,31,5,4,22,29,73,10,15,4,3,27,15,49,11,11,14,5611,2,2487,10/07/2020
334,72003,3,13,3,25,4,8,26,4,3,13,27,85,13,7,2,0,5,14,63,6,10,15,5597,2,2485,09/07/2020
533,71669,2,22,4,51,6,2,42,9,5,14,27,123,18,16,7,1,26,19,115,11,13,11,5582,1,2483,08/07/2020
278,71136,3,9,0,13,28,2,49,5,0,10,9,46,12,11,3,6,6,11,38,7,10,12,5571,2,2482,07/07/2020
251,70858,2,2,3,19,0,1,2,8,2,38,28,53,9,2,4,0,26,25,17,7,3,15,5559,2,2480,06/07/2020
315,70607,0,25,7,49,0,2,2,0,0,2,1,108,0,0,0,3,6,27,69,0,14,9,5544,5,2478,05/07/2020
364,70292,0,14,2,13,1,0,48,2,0,0,2,96,0,18,1,3,17,0,105,16,26,15,5535,1,2473,04/07/2020
694,69928,8,25,0,69,17,11,53,9,1,30,27,176,8,26,6,5,36,34,135,6,12,8,5520,3,2472,03/07/2020
687,69234,3,46,0,7,36,10,48,26,4,14,27,169,21,22,14,7,7,24,163,19,20,15,5512,10,2469,02/07/2020
684,68547,2,32,0,56,3,2,91,22,2,7,17,172,2,44,4,8,30,29,105,8,48,15,5497,6,2459,01/07/2020
804,67863,3,33,2,7,52,4,90,20,3,4,25,170,18,68,7,8,17,21,200,14,38,20,5482,5,2453,30/06/2020
727,67059,0,3,2,27,54,8,7,6,0,53,28,239,23,6,13,0,49,43,137,3,26,16,5462,4,2448,29/06/2020
415,66332,2,3,0,5,1,3,10,1,4,0,5,191,1,15,1,4,0,0,151,4,14,23,5446,8,2444,28/06/2020
755,65917,3,31,1,2,32,5,100,7,2,2,17,248,0,50,11,4,9,0,176,6,49,14,5423,5,2436,27/06/2020
1204,65162,3,34,10,84,70,12,110,19,5,67,54,225,40,52,14,11,29,28,284,16,37,11,5409,5,2431,26/06/2020
1279,63958,6,29,1,86,24,9,159,13,6,63,52,228,8,71,17,12,17,40,354,27,57,23,5398,10,2426,25/06/2020
1698,62679,5,30,3,136,17,8,229,7,2,55,86,284,41,92,27,15,47,81,447,8,78,22,5375,6,2416,24/06/2020
1309,60981,8,29,8,52,86,12,170,14,6,103,73,217,25,99,17,10,14,25,261,19,61,25,5353,7,2410,23/06/2020
800,59672,0,11,4,9,10,5,9,2,0,51,23,219,57,21,6,5,41,38,262,8,19,20,5328,15,2403,22/06/2020
321,58872,0,3,4,12,2,1,7,2,1,0,17,92,0,9,5,0,3,0,140,5,18,22,5308,12,2388,21/06/2020
698,58551,4,5,3,31,6,1,7,2,3,2,13,198,0,60,7,11,2,0,323,1,19,29,5286,6,2376,20/06/2020
1209,57853,5,20,1,30,9,10,224,11,5,19,65,371,5,33,16,10,1,48,245,10,71,30,5257,8,2370,19/06/2020
1494,56644,6,16,2,65,23,12,169,22,8,65,88,380,62,84,12,15,54,34,283,21,73,29,5227,13,2362,18/06/2020
1457,55150,13,6,5,41,25,23,206,14,4,66,98,361,25,62,12,6,28,71,310,19,62,32,5198,13,2349,17/06/2020
1209,53693,7,7,0,38,47,21,143,9,12,56,93,214,3,56,22,8,29,35,306,54,49,28,5166,9,2336,16/06/2020
685,52484,3,3,5,23,9,20,11,11,1,48,38,116,6,13,10,1,37,80,222,8,20,30,5138,13,2327,15/06/2020
418,51799,10,4,0,35,4,6,16,3,2,41,8,75,19,5,4,3,1,0,161,11,10,27,5108,12,2314,14/06/2020
1032,51381,12,6,1,44,24,5,121,9,15,33,40,164,53,38,14,6,3,0,385,14,45,33,5081,14,2302,13/06/2020
1329,50349,14,13,6,56,24,19,137,14,12,42,59,185,23,46,15,8,28,51,496,12,69,29,5048,12,2288,12/06/2020
1293,49020,26,9,5,52,29,11,131,10,13,13,55,206,8,40,20,5,13,69,491,36,51,35,5019,12,2276,11/06/2020
1437,47727,1,17,4,66,26,15,155,11,11,12,63,263,6,44,26,8,29,62,539,27,52,40,4984,9,2264,10/06/2020
937,46290,9,17,5,12,28,17,63,11,15,11,45,240,3,59,21,6,20,33,248,26,48,33,4944,16,2255,09/06/2020
677,45353,10,9,0,15,17,1,13,13,5,30,33,243,29,15,15,4,24,67,123,7,4,38,4911,16,2239,08/06/2020
462,44676,18,6,0,21,8,7,23,3,11,0,12,47,3,14,11,4,20,0,230,15,9,33,4873,14,2223,07/06/2020
780,44214,5,16,2,37,19,22,40,1,3,7,23,177,1,56,24,8,7,0,268,19,45,29,4840,20,2209,06/06/2020
1146,43434,10,20,1,43,23,13,42,14,20,16,37,227,17,37,12,5,24,19,478,46,42,37,4811,20,2189,05/06/2020
1039,42288,10,13,1,44,22,15,26,14,11,19,42,207,26,58,21,5,27,33,400,8,37,43,4774,16,2169,04/06/2020
1046,41249,18,14,1,31,11,11,41,9,12,15,39,234,15,50,14,5,30,33,409,24,30,28,4731,18,2153,03/06/2020
900,40203,18,23,5,46,31,11,35,5,18,9,71,153,19,62,21,8,16,35,264,18,32,36,4703,15,2135,02/06/2020
648,39303,3,7,0,9,22,2,11,10,6,21,27,160,16,31,7,0,30,53,91,50,92,39,4667,20,2120,01/06/2020
265,38655,7,5,0,12,7,7,18,3,10,0,8,67,0,14,2,2,4,0,99,0,0,46,4628,14,2100,31/05/2020
432,38390,6,15,8,26,11,24,36,1,12,3,34,73,2,38,16,8,2,0,117,0,0,39,4582,19,2086,30/05/2020
773,37958,10,10,1,30,17,11,28,4,11,21,46,210,7,41,30,6,29,19,223,18,1,41,4543,13,2067,29/05/2020
774,37185,11,16,2,27,27,17,38,18,20,6,49,278,19,39,26,3,23,22,102,31,0,40,4502,19,2054,28/05/2020
800,36411,19,16,0,30,34,18,45,14,32,10,37,206,23,35,27,14,33,40,106,31,30,38,4462,15,2035,27/05/2020
746,35611,12,18,0,22,21,15,35,17,12,7,51,197,18,48,23,2,41,35,119,28,25,28,4424,14,2020,26/05/2020
491,34865,3,3,0,18,8,2,24,16,8,9,29,160,21,30,2,0,3,28,107,11,9,42,4396,28,2006,25/05/2020
210,34374,3,7,1,8,2,2,17,0,11,0,9,59,1,13,3,3,10,0,27,29,5,44,4354,17,1978,24/05/2020
403,34164,2,13,1,22,6,23,27,0,18,1,27,78,2,19,19,6,24,0,84,8,23,55,4310,16,1961,23/05/2020
532,33761,10,5,0,23,8,8,12,11,13,3,44,144,15,27,2,7,21,11,146,10,12,56,4255,15,1945,22/05/2020
610,33229,0,17,0,25,10,22,28,1,18,6,23,120,6,17,20,9,16,25,168,38,41,53,4199,13,1930,21/05/2020
808,32619,23,31,2,25,42,18,32,3,20,7,44,174,24,53,16,4,27,21,162,54,26,52,4146,14,1917,20/05/2020
666,31811,6,2,1,34,14,9,41,2,27,2,63,177,20,35,15,14,38,22,105,22,17,41,4094,13,1903,19/05/2020
430,31145,0,9,0,15,19,15,5,7,8,3,23,150,6,31,8,6,7,36,40,11,31,59,4053,23,1890,18/05/2020
259,30715,1,17,0,7,4,8,24,2,7,1,11,59,0,6,0,3,3,2,89,3,12,53,3994,20,1867,17/05/2020
358,30456,2,1,1,24,8,7,21,3,16,3,21,64,5,24,7,3,18,0,97,20,13,48,3941,18,1847,16/05/2020
688,30098,6,10,0,30,22,15,35,7,23,2,42,184,19,37,8,14,25,14,154,26,15,58,3893,21,1829,15/05/2020
657,29410,2,15,0,40,13,30,14,5,18,6,39,148,11,37,14,14,14,31,151,24,31,46,3835,15,1808,14/05/2020
698,28753,3,21,0,30,7,15,34,1,31,12,30,236,14,27,6,7,15,27,133,30,19,50,3789,19,1793,13/05/2020
754,28055,4,18,2,27,13,13,29,6,28,3,34,234,33,30,15,10,19,10,150,46,30,61,3739,16,1774,12/05/2020
455,27301,0,3,0,12,10,14,11,6,6,11,21,210,1,19,3,1,4,32,54,27,10,65,3678,15,1758,11/05/2020
279,26846,0,4,0,6,4,0,6,4,6,2,19,78,6,12,3,1,10,1,86,16,15,73,3613,17,1743,10/05/2020
509,26567,1,11,1,51,5,19,33,4,21,0,17,115,7,41,7,9,7,0,109,29,22,68,3540,14,1726,09/05/2020
700,26058,4,16,1,23,15,10,27,5,26,4,52,222,23,43,8,5,10,21,129,35,21,60,3472,26,1712,08/05/2020
784,25358,2,19,2,36,15,18,28,8,34,5,13,266,20,42,9,8,25,17,164,37,16,80,3412,28,1686,07/05/2020
745,24574,1,22,0,23,23,9,24,3,22,8,41,206,34,37,14,8,17,19,177,35,22,73,3332,26,1658,06/05/2020
657,23829,3,28,0,14,21,22,22,5,34,7,20,169,39,52,17,3,4,17,110,49,21,72,3259,20,1632,05/05/2020
477,23172,0,64,6,23,10,2,16,14,4,4,38,149,2,21,6,1,4,8,75,17,13,84,3187,25,1612,04/05/2020
261,22695,0,3,1,8,2,6,7,1,10,1,6,127,1,11,3,0,6,4,42,14,8,75,3103,27,1587,03/05/2020
299,22434,1,1,2,14,8,13,18,2,12,1,28,81,7,12,6,3,7,13,33,20,17,73,3028,28,1560,02/05/2020
532,22135,0,2,1,21,2,7,23,7,15,7,12,141,55,13,13,2,9,20,123,34,25,78,2955,15,1532,01/05/2020
636,21603,0,14,3,21,8,20,28,7,12,9,31,215,23,43,9,5,19,14,94,44,17,78,2877,33,1517,30/04/2020
798,20967,6,52,7,21,9,18,43,11,14,7,37,248,34,22,14,18,11,24,149,34,19,83,2799,25,1484,29/04/2020
742,20169,3,35,4,16,10,11,18,5,21,1,33,240,57,52,17,3,4,21,83,74,34,83,2716,32,1459,28/04/2020
563,19427,0,8,4,11,18,6,23,7,7,10,34,213,10,35,8,4,11,24,99,18,13,74,2633,28,1427,27/04/2020
300,18864,1,5,3,6,5,1,5,2,4,2,23,110,8,8,2,11,11,24,46,17,6,74,2559,26,1399,26/04/2020
473,18564,0,45,2,23,2,13,19,1,21,0,12,138,8,12,5,6,5,0,94,37,30,73,2485,28,1373,25/04/2020
780,18091,7,29,1,19,17,10,24,1,2,8,38,227,53,55,4,12,16,36,147,41,33,89,2412,46,1345,24/04/2020
758,17311,2,41,2,13,18,8,46,11,25,15,22,291,26,41,3,12,17,26,72,38,29,86,2323,27,1299,23/04/2020
722,16553,6,33,3,22,19,17,31,11,13,5,20,288,50,32,5,9,4,19,79,27,29,77,2237,49,1272,22/04/2020
707,15831,4,35,0,22,17,13,49,11,14,3,7,163,53,32,7,5,12,38,123,64,35,62,2160,34,1223,21/04/2020
461,15124,1,10,1,4,10,1,8,6,9,8,9,211,13,32,7,4,2,28,50,23,24,85,2098,28,1189,20/04/2020
388,14663,0,8,0,8,6,6,15,4,11,2,5,192,13,17,4,7,8,29,31,6,16,87,2013,33,1161,19/04/2020
532,14275,0,27,0,29,7,9,35,2,21,1,17,180,8,18,3,3,2,18,48,52,52,86,1926,29,1128,18/04/2020
688,13743,0,26,0,24,9,19,36,5,12,15,21,221,64,44,3,19,5,27,77,32,29,83,1840,39,1099,17/04/2020
623,13055,0,25,1,21,15,12,23,4,10,13,17,221,47,37,7,3,3,31,84,30,19,111,1757,33,1060,16/04/2020
604,12432,0,28,2,17,6,15,28,2,12,3,19,215,42,32,3,14,5,30,70,30,31,115,1646,32,1027,15/04/2020
479,11828,1,12,0,11,6,14,11,5,6,4,12,179,16,39,2,5,5,12,63,53,23,92,1531,41,995,14/04/2020
437,11349,0,12,0,11,3,6,5,6,3,17,9,200,20,13,3,5,6,18,48,21,31,84,1439,43,954,13/04/2020
464,10912,1,31,0,17,3,6,9,2,4,2,14,182,14,13,4,0,5,18,42,75,22,97,1355,36,911,12/04/2020
395,10448,0,9,0,10,2,2,5,3,10,2,6,200,22,15,2,2,0,33,32,13,27,102,1258,45,875,11/04/2020
454,10053,1,17,0,18,4,8,19,1,4,6,23,148,41,4,3,15,8,27,69,7,31,90,1156,36,830,10/04/2020
645,9599,1,30,1,18,12,8,21,1,5,5,11,240,38,29,4,12,4,25,116,10,54,86,1066,36,794,09/04/2020
654,8954,2,28,1,17,9,8,18,2,7,12,15,271,33,29,1,12,5,23,68,37,56,115,980,47,758,08/04/2020
738,8300,1,28,0,16,13,6,23,4,14,17,24,243,42,37,7,13,10,46,64,73,57,84,865,45,711,07/04/2020
389,7562,0,16,0,12,10,4,10,6,3,10,6,131,18,31,2,4,4,18,53,12,39,90,781,44,666,06/04/2020
340,7173,1,7,0,7,3,0,12,3,2,2,6,172,27,9,1,8,2,7,30,0,41,85,691,44,622,05/04/2020
357,6833,4,18,0,12,2,2,15,1,2,3,12,129,17,11,1,17,6,14,30,3,58,70,606,36,578,04/04/2020
601,6476,1,20,1,16,12,2,29,2,2,6,24,245,59,38,1,17,3,27,48,20,28,80,536,39,542,03/04/2020
554,5875,3,6,1,17,9,4,32,5,7,8,8,216,34,28,0,12,1,18,47,28,70,70,456,47,503,02/04/2020
486,5321,5,19,0,30,4,0,13,5,1,5,8,205,49,25,2,5,2,11,29,5,63,53,386,48,456,01/04/2020
475,4835,1,23,1,14,7,1,17,2,5,6,7,209,49,15,0,8,13,10,29,11,47,48,333,34,408,31/03/2020
416,4360,0,9,0,10,5,2,15,3,1,5,5,172,60,21,1,7,6,23,27,17,27,45,285,29,374,30/03/2020
280,3944,4,10,0,11,2,2,8,1,4,2,3,149,4,11,1,1,9,0,15,3,40,38,240,41,345,29/03/2020
300,3664,0,6,0,12,6,8,10,1,2,4,2,147,8,7,3,5,2,3,25,8,41,35,202,28,304,28/03/2020
365,3364,2,15,1,9,3,3,15,5,4,4,9,176,26,20,1,2,2,11,18,6,33,32,167,29,276,27/03/2020
286,2999,0,8,4,5,9,7,9,6,2,3,7,132,16,12,0,3,3,5,20,6,29,31,135,40,247,26/03/2020
314,2713,3,13,1,7,7,2,7,2,1,5,13,154,37,15,0,4,2,3,19,8,11,22,104,31,207,25/03/2020
230,2399,0,9,0,5,0,4,5,1,2,6,5,105,14,11,3,3,2,4,10,11,30,21,82,32,176,24/03/2020
182,2169,0,9,0,3,4,0,2,3,0,5,7,99,2,8,2,0,2,3,9,6,18,11,61,37,144,23/03/2020
118,1987,0,5,0,0,1,9,1,1,0,4,3,59,11,5,1,1,0,0,4,0,13,11,50,27,107,22/03/2020
136,1869,0,0,0,4,3,16,4,1,0,3,5,71,6,2,1,0,0,0,8,0,12,8,39,13,80,21/03/2020
180,1733,0,5,0,5,5,3,3,1,0,5,5,84,4,1,2,5,0,2,23,5,22,9,31,17,67,20/03/2020
143,1553,0,2,1,0,2,1,2,1,1,1,2,66,5,5,0,2,0,1,14,9,28,7,22,8,50,19/03/2020
145,1410,1,2,1,2,2,4,2,1,1,0,8,58,0,17,1,3,1,0,10,3,28,6,15,15,42,18/03/2020
119,1265,1,3,1,4,3,0,1,0,1,1,6,35,5,5,1,3,1,6,13,16,13,1,9,3,27,17/03/2020
83,1146,0,0,0,2,1,1,2,0,0,0,3,34,12,2,2,2,1,7,6,0,8,2,8,5,24,16/03/2020
69,1063,1,0,0,0,2,7,4,0,1,0,4,17,4,0,1,1,0,0,18,0,9,2,6,5,19,15/03/2020
71,994,0,0,0,1,0,3,0,2,1,0,25,18,1,4,1,3,0,0,5,0,7,1,4,6,14,14/03/2020
152,923,0,1,0,1,9,3,4,0,3,1,42,31,6,10,3,0,2,5,19,2,10,1,3,2,8,13/03/2020
151,771,2,3,0,2,9,5,7,2,2,0,32,42,3,11,4,1,3,0,19,3,1,0,2,0,6,12/03/2020
196,620,6,1,2,1,16,3,16,2,7,4,37,32,6,4,2,0,0,0,57,0,0,2,2,1,6,11/03/2020
98,424,1,0,0,0,1,0,0,1,1,0,34,26,0,4,3,8,6,0,13,0,0,0,0,2,5,10/03/2020
101,326,0,0,0,0,4,0,6,0,0,1,3,64,1,0,7,0,0,0,15,0,0,0,0,0,3,09/03/2020
46,225,0,0,0,0,1,0,2,0,0,0,0,29,0,1,0,0,0,0,11,2,0,0,0,1,3,08/03/2020
33,179,0,0,0,0,0,0,0,0,0,0,5,21,0,1,0,0,0,0,5,1,0,0,0,1,2,07/03/2020
59,146,0,0,0,2,0,0,0,0,0,0,8,36,0,1,11,0,0,0,1,0,0,0,0,1,1,06/03/2020
25,87,0,0,0,0,0,0,0,0,0,0,0,22,0,2,0,0,0,0,1,0,0,0,0,0,0,05/03/2020
30,62,0,0,0,0,0,0,0,0,0,0,7,21,0,0,0,0,0,0,1,1,0,0,0,0,0,04/03/2020
13,32,0,0,0,0,0,0,0,0,0,0,1,10,0,0,0,0,0,0,2,0,0,0,0,0,0,03/03/2020
5,19,0,0,0,0,0,0,0,0,0,0,1,1,0,0,0,0,0,0,3,0,0,0,0,0,0,02/03/2020
0,14,0,0,0,0,0,0,0,0,0,0,0,0,0,0,0,0,0,0,0,0,0,0,0,0,0,01/03/2020
3,14,0,0,0,0,0,0,0,0,0,0,0,1,0,0,0,0,0,0,2,0,0,0,0,0,0,29/02/2020
8,11,0,0,0,0,0,0,1,0,0,0,0,2,0,2,0,0,0,0,3,0,0,0,0,0,0,28/02/2020
1,3,0,0,0,0,0,0,0,0,0,0,0,1,0,0,0,0,0,0,0,0,0,0,0,0,0,27/02/2020
1,2,0,0,0,0,0,0,0,0,0,0,0,0,0,0,0,0,0,0,1,0,0,0,0,0,0,26/02/2020
0,1,0,0,0,0,0,0,0,0,0,0,0,0,0,0,0,0,0,0,0,0,0,0,0,0,0,25/02/2020
0,1,0,0,0,0,0,0,0,0,0,0,0,0,0,0,0,0,0,0,0,0,0,0,0,0,0,24/02/2020
0,1,0,0,0,0,0,0,0,0,0,0,0,0,0,0,0,0,0,0,0,0,0,0,0,0,0,23/02/2020
0,1,0,0,0,0,0,0,0,0,0,0,0,0,0,0,0,0,0,0,0,0,0,0,0,0,0,22/02/2020
0,1,0,0,0,0,0,0,0,0,0,0,0,0,0,0,0,0,0,0,0,0,0,0,0,0,0,21/02/2020
0,1,0,0,0,0,0,0,0,0,0,0,0,0,0,0,0,0,0,0,0,0,0,0,0,0,0,20/02/2020
0,1,0,0,0,0,0,0,0,0,0,0,0,0,0,0,0,0,0,0,0,0,0,0,0,0,0,19/02/2020
0,1,0,0,0,0,0,0,0,0,0,0,0,0,0,0,0,0,0,0,0,0,0,0,0,0,0,18/02/2020
0,1,0,0,0,0,0,0,0,0,0,0,0,0,0,0,0,0,0,0,0,0,0,0,0,0,0,17/02/2020
0,1,0,0,0,0,0,0,0,0,0,0,0,0,0,0,0,0,0,0,0,0,0,0,0,0,0,16/02/2020
0,1,0,0,0,0,0,0,0,0,0,0,0,0,0,0,0,0,0,0,0,0,0,0,0,0,0,15/02/2020
0,1,0,0,0,0,0,0,0,0,0,0,0,0,0,0,0,0,0,0,0,0,0,0,0,0,0,14/02/2020
0,1,0,0,0,0,0,0,0,0,0,0,0,0,0,0,0,0,0,0,0,0,0,0,0,0,0,13/02/2020
0,1,0,0,0,0,0,0,0,0,0,0,0,0,0,0,0,0,0,0,0,0,0,0,0,0,0,12/02/2020
0,1,0,0,0,0,0,0,0,0,0,0,0,0,0,0,0,0,0,0,0,0,0,0,0,0,0,11/02/2020
0,1,0,0,0,0,0,0,0,0,0,0,0,0,0,0,0,0,0,0,0,0,0,0,0,0,0,10/02/2020
0,1,0,0,0,0,0,0,0,0,0,0,0,0,0,0,0,0,0,0,0,0,0,0,0,0,0,09/02/2020
0,1,0,0,0,0,0,0,0,0,0,0,0,0,0,0,0,0,0,0,0,0,0,0,0,0,0,08/02/2020
0,1,0,0,0,0,0,0,0,0,0,0,0,0,0,0,0,0,0,0,0,0,0,0,0,0,0,07/02/2020
0,1,0,0,0,0,0,0,0,0,0,0,0,0,0,0,0,0,0,0,0,0,0,0,0,0,0,06/02/2020
0,1,0,0,0,0,0,0,0,0,0,0,0,0,0,0,0,0,0,0,0,0,0,0,0,0,0,05/02/2020
1,1,0,0,0,0,0,0,1,0,0,0,0,0,0,0,0,0,0,0,0,0,0,0,0,0,0,04/02/2020
